{"stats":{"minecraft:custom":{"minecraft:jump":23,"minecraft:time_since_rest":17583,"minecraft:damage_dealt":80,"minecraft:leave_game":1,"minecraft:sprint_one_cm":3435,"minecraft:play_time":17583,"minecraft:time_since_death":17583,"minecraft:walk_one_cm":1752,"minecraft:total_world_time":17583,"minecraft:mob_kills":1,"minecraft:fall_one_cm":836,"minecraft:fly_one_cm":4603},"minecraft:killed":{"minecraft:sheep":1},"minecraft:picked_up":{"minecraft:mutton":1,"minecraft:white_wool":1}},"DataVersion":3953}