{"stats":{"minecraft:crafted":{"minecraft:crafting_table":1,"minecraft:stone_axe":1,"minecraft:spruce_planks":12,"minecraft:stick":8,"minecraft:wooden_pickaxe":1,"minecraft:stone_pickaxe":1},"minecraft:mined":{"minecraft:grass_block":2,"minecraft:dirt":13,"minecraft:spruce_leaves":2,"minecraft:spruce_log":78,"minecraft:stone":6,"minecraft:crafting_table":1},"minecraft:killed":{"minecraft:pig":1,"minecraft:cow":3},"minecraft:custom":{"minecraft:time_since_rest":4776,"minecraft:crouch_one_cm":49,"minecraft:play_time":4776,"minecraft:sprint_one_cm":21643,"minecraft:damage_taken":20,"minecraft:walk_one_cm":8990,"minecraft:sneak_time":24,"minecraft:mob_kills":5,"minecraft:jump":134,"minecraft:damage_dealt":490,"minecraft:time_since_death":4776,"minecraft:total_world_time":4776,"minecraft:fall_one_cm":2788,"minecraft:interact_with_crafting_table":4,"minecraft:fly_one_cm":22808},"minecraft:used":{"minecraft:stone_axe":94,"minecraft:crafting_table":1,"minecraft:wooden_pickaxe":7},"minecraft:picked_up":{"minecraft:stick":17,"minecraft:crafting_table":1,"minecraft:leather":3,"minecraft:beef":6,"minecraft:porkchop":4,"minecraft:spruce_sapling":27,"minecraft:spruce_log":78,"minecraft:cobblestone":6,"minecraft:dirt":15}},"DataVersion":3953}